"AEDECOD","OR","CI_low","CI_high","p_value"
"FATIGUE",1.13049569695948,0.93692683255527,1.36801850288972,0.20108704377168
"NAUSEA",1.04751931580346,0.860226793896683,1.27029252614987,0.63829941917201
"ANEMIA",1.22066137402908,0.998836355476232,1.49415309941058,0.0505761398287745
"DIARRHEA",0.924641257275791,0.740301399063998,1.13774867755336,0.471856301027266
"DECREASED APPETITE",1.03426362502192,0.830361290444666,1.27433055625687,0.756024238762103
