"Model","AIC","BIC","LogLik","df"
"Base (Exposure only)",2312.0512953465,2321.94624744614,-1153.02564767325,3
"Full Covariate",2312.42811998219,2332.21802418147,-1150.21405999109,6
