"Dose_mg","Expected_AUC","Median_PFS_days","Q25_PFS_days","Q75_PFS_days","Mean_PFS_days","SD_PFS_days"
50,6,NA,NA,NA,191.211296666189,127.098602832777
75,9,NA,NA,NA,181.783660210663,119.541749624835
100,12,NA,NA,NA,167.020938177146,110.296737856702
150,18,NA,NA,NA,151.714089505703,105.986686275044
200,24,NA,NA,NA,145.022921804544,95.977130137245
